ls1 (mm),ls2 (mm),ls3 (mm),ws1 (mm),ws2 (mm),ws3 (mm),Frequency 1 (GHz),S11 1 (dB),Frequency 2 (GHz),S11 2 (dB),Frequency 3 (GHz),S11 3 (dB)
7.5,9,7.5,0.5,1.5,0.25,2.55,-12.0261412825654,5.3,-11.9490230570451,5.85,-10.1414339662997
7.5,9,7.5,0.75,1.5,0.25,2.5,-15.0726730953164,5.45,-15.6000250923947,,
7.5,9,7.5,1,1.5,0.25,2.5,-15.2162596440494,5.45,-18.5184854604975,,
7.75,9,7.5,0.5,1.5,0.25,2.5,-12.8012289879693,5.35,-23.30814836692,,
7.75,9,7.5,0.75,1.5,0.25,2.5,-16.5143731598306,5.3,-15.631489222649,5.85,-11.8293868773592
7.75,9,7.5,1,1.5,0.25,2.45,-16.9760205536245,5.3,-20.6134280566513,5.85,-10.9791888728637
8,9,7.5,0.5,1.5,0.25,2.5,-14.8525824148874,5.35,-34.1454493991466,,
8,9,7.5,0.75,1.5,0.25,2.5,-16.1571950044852,5.35,-24.7970173866939,,
8,9,7.5,1,1.5,0.25,2.45,-24.7105174370416,5.35,-32.6084645159025,,
7.5,9,7.5,0.5,1.75,0.25,2.5,-10.7676773404566,5.3,-12.8528903489502,,
7.5,9,7.5,0.75,1.75,0.25,2.5,-12.9113872848369,5.35,-15.858585077198,,
7.5,9,7.5,1,1.75,0.25,2.45,-17.14431412427,5.4,-17.7348110550256,,
7.75,9,7.5,0.5,1.75,0.25,2.5,-12.8803671029323,5.3,-18.8385905966996,,
7.75,9,7.5,0.75,1.75,0.25,2.45,-14.8843448954439,5.35,-19.3705504117463,,
7.75,9,7.5,1,1.75,0.25,2.45,-18.938085285019,5.4,-22.1399760035564,,
8,9,7.5,0.5,1.75,0.25,2.5,-14.5405288114063,5.3,-35.6368711712563,,
8,9,7.5,0.75,1.75,0.25,2.45,-20.0451215937393,5.35,-20.0348641422814,,
8,9,7.5,1,1.75,0.25,2.45,-25.3688030957765,5.35,-30.1553141397924,,
7.5,9,7.5,0.5,2,0.25,2.5,-10.5549081996238,5.3,-16.2688979478684,,
7.5,9,7.5,0.75,2,0.25,2.45,-13.5552400074198,5.35,-15.8421786014491,,
7.5,9,7.5,1,2,0.25,2.45,-17.3552424624174,5.35,-18.3790042086144,,
7.75,9,7.5,0.5,2,0.25,2.5,-13.3529541511413,5.3,-17.8633192521755,,
7.75,9,7.5,0.75,2,0.25,2.45,-16.9316906613106,5.2,-18.8070777818244,5.85,-10.5524243636228
7.75,9,7.5,1,2,0.25,2.45,-19.322512168363,5.3,-18.845721052036,,
8,9,7.5,0.5,2,0.25,2.45,-14.1792489593232,5.3,-28.009985050496,,
8,9,7.5,0.75,2,0.25,2.45,-20.3087175287718,5.25,-31.8825009929668,5.95,-10.0931032020752
8,9,7.5,1,2,0.25,2.4,-17.6614524399254,5.3,-30.2156728517911,,
7.5,9.25,7.5,0.5,1.5,0.25,2.5,-11.9442473271944,5.2,-10.9308646611233,5.75,-11.8479143247773
7.5,9.25,7.5,0.75,1.5,0.25,2.45,-13.6924627331969,5.45,-19.4333757253174,,
7.5,9.25,7.5,1,1.5,0.25,2.45,-16.6621939938362,5.4,-19.0515224874129,,
7.75,9.25,7.5,0.5,1.5,0.25,2.5,-12.5677760822394,5.35,-24.3999123198798,,
7.75,9.25,7.5,0.75,1.5,0.25,2.45,-16.9157268317105,5.35,-19.8259262202201,,
7.75,9.25,7.5,1,1.5,0.25,2.45,-18.0580447051555,5.4,-23.8163014533627,,
8,9.25,7.5,0.5,1.5,0.25,2.45,-15.0105449390479,5.35,-26.2713289150891,,
8,9.25,7.5,0.75,1.5,0.25,2.45,-19.985509328945,5.35,-28.6539472201616,,
8,9.25,7.5,1,1.5,0.25,2.4,-18.8302152608935,5.4,-20.1919889107511,,
7.5,9.25,7.5,0.5,1.75,0.25,2.45,-12.0765866763963,5.4,-16.8319617298105,,
7.5,9.25,7.5,0.75,1.75,0.25,2.45,-14.5405226450991,5.35,-18.5614656229718,,
7.5,9.25,7.5,1,1.75,0.25,2.4,-16.1478610558065,5.4,-19.5159452546704,,
7.75,9.25,7.5,0.5,1.75,0.25,2.45,-14.0959890941113,5.35,-18.9556814854236,,
7.75,9.25,7.5,0.75,1.75,0.25,2.45,-15.1089721280135,5.3,-21.9310918915341,,
7.75,9.25,7.5,1,1.75,0.25,2.4,-21.4303148963677,5.35,-19.8747524410754,,
8,9.25,7.5,0.5,1.75,0.25,2.45,-16.7990234545647,5.3,-23.3229661149658,,
8,9.25,7.5,0.75,1.75,0.25,2.4,-16.7323261484215,5.3,-24.778401958312,,
8,9.25,7.5,1,1.75,0.25,2.4,-31.7530912770101,5.3,-23.5947321814018,,
7.5,9.25,7.5,0.5,2,0.25,2.45,-12.1519392069437,5.3,-12.8069158089832,,
7.5,9.25,7.5,0.75,2,0.25,2.45,-13.4742035246012,5.3,-16.6898385847618,,
7.5,9.25,7.5,1,2,0.25,2.4,-19.1343992896013,5.3,-18.5035634767596,,
7.75,9.25,7.5,0.5,2,0.25,2.45,-14.4076055549013,5.35,-23.5190632832724,,
7.75,9.25,7.5,0.75,2,0.25,2.4,-18.0755554900125,5.3,-22.1398175431064,,
7.75,9.25,7.5,1,2,0.25,2.35,-15.5366057915549,5.05,-25.9106596725425,5.7,-12.6415031884529
8,9.25,7.5,0.5,2,0.25,2.45,-14.929729481388,5.3,-20.3740645791079,,
8,9.25,7.5,0.75,2,0.25,2.4,-25.3159625448064,5.25,-20.0355077087377,,
8,9.25,7.5,1,2,0.25,2.4,-18.8737154372452,5.25,-19.5300953205915,,
7.5,9.5,7.5,0.5,1.5,0.25,2.45,-12.2615065424824,5.4,-17.2948807871412,,
7.5,9.5,7.5,0.75,1.5,0.25,2.4,-17.5958287177403,5.4,-19.5463043943424,,
7.5,9.5,7.5,1,1.5,0.25,2.4,-16.4531155856164,5.4,-20.5681529428689,,
7.75,9.5,7.5,0.5,1.5,0.25,2.4,-14.3800303114438,5.35,-25.4002300010788,,
7.75,9.5,7.5,0.75,1.5,0.25,2.4,-19.8032291018286,5.35,-30.1547495955099,,
7.75,9.5,7.5,1,1.5,0.25,2.35,-16.1805283603044,5.35,-30.2404408408493,,
8,9.5,7.5,0.5,1.5,0.25,2.45,-14.412001132639,5.25,-30.1744191228792,,
8,9.5,7.5,0.75,1.5,0.25,2.4,-21.4864145218539,5.3,-26.3216354411062,,
8,9.5,7.5,1,1.5,0.25,2.35,-20.5830537693032,5.3,-24.7528831083777,,
7.5,9.5,7.5,0.5,1.75,0.25,2.4,-14.2578967054873,5.4,-16.5870005338105,,
7.5,9.5,7.5,0.75,1.75,0.25,2.4,-15.9611994426561,5.35,-20.6203803815757,,
7.5,9.5,7.5,1,1.75,0.25,2.35,-16.252322704644,5.3,-18.4737966813281,,
7.75,9.5,7.5,0.5,1.75,0.25,2.4,-16.5857485986472,5.35,-21.528662006635,,
7.75,9.5,7.5,0.75,1.75,0.25,2.4,-14.9989555174582,5.35,-22.225786280084,,
7.75,9.5,7.5,1,1.75,0.25,2.35,-29.4119797440371,5.35,-28.196505190246,,
8,9.5,7.5,0.5,1.75,0.25,2.4,-16.0104672010617,5.3,-23.0095372092738,,
8,9.5,7.5,0.75,1.75,0.25,2.4,-19.5690603792429,5.2,-24.5387287839906,,
8,9.5,7.5,1,1.75,0.25,2.35,-34.077659053146,5.3,-23.9377090129318,,
7.5,9.5,7.5,0.5,2,0.25,2.4,-13.0783526123755,5.35,-18.1008629163166,,
7.5,9.5,7.5,0.75,2,0.25,2.4,-14.9498350765686,5.3,-20.5026511777791,,
7.5,9.5,7.5,1,2,0.25,2.35,-20.9043272498923,5.35,-21.9519240116279,,
7.75,9.5,7.5,0.5,2,0.25,2.4,-14.2449910107786,5.3,-24.1955032257664,,
7.75,9.5,7.5,0.75,2,0.25,2.35,-19.3846749732054,5.3,-22.950625602353,,
7.75,9.5,7.5,1,2,0.25,2.35,-18.5206297639208,5.3,-29.6088308135479,,
8,9.5,7.5,0.5,2,0.25,2.35,-15.4446935077458,5.25,-24.3091043924627,,
8,9.5,7.5,0.75,2,0.25,2.35,-27.165222017307,5.25,-26.1554413057782,,
8,9.5,7.5,1,2,0.25,2.35,-25.6861946168003,5.3,-21.9958970154906,,
7.5,9,7.75,0.5,1.5,0.25,2.5,-10.8979369924161,5.3,-11.8528087633344,5.85,-10.9179418267951
7.5,9,7.75,0.75,1.5,0.25,2.5,-13.8765151156708,5.3,-13.6955203975204,5.9,-10.2560585648525
7.5,9,7.75,1,1.5,0.25,2.45,-14.7225127927017,5.35,-16.2365106337973,,
7.75,9,7.75,0.5,1.5,0.25,2.5,-12.8865017715972,5.3,-16.6477966871927,5.85,-10.6660153030926
7.75,9,7.75,0.75,1.5,0.25,2.5,-15.3196876808434,5.35,-16.6888201857197,5.9,-10.4310656305749
7.75,9,7.75,1,1.5,0.25,2.45,-17.5488795321631,5.25,-13.7162467828682,5.85,-12.6015455958993
8,9,7.75,0.5,1.5,0.25,2.5,-15.6390308196874,5.3,-18.3816931856168,5.9,-11.2762100298758
8,9,7.75,0.75,1.5,0.25,2.5,-17.2890302602053,5.25,-21.4426837011067,5.85,-12.6098399526914
8,9,7.75,1,1.5,0.25,2.45,-24.6475552286262,5.35,-18.197163054029,5.9,-10.1693449137634
7.5,9,7.75,0.5,1.75,0.25,2.5,-11.5806557806147,5.2,-14.0215567079449,5.85,-10.0599797182109
7.5,9,7.75,0.75,1.75,0.25,2.5,-12.7492159064211,5.3,-13.3288248211244,,
7.5,9,7.75,1,1.75,0.25,2.45,-16.0358531092781,5.2,-11.7751130823833,5.9,-11.0971732595734
7.75,9,7.75,0.5,1.75,0.25,2.5,-13.1778656877161,5.35,-16.3402547719647,,
7.75,9,7.75,0.75,1.75,0.25,2.45,-15.3082973909068,5.25,-19.0300393794004,5.9,-11.4332867916424
7.75,9,7.75,1,1.75,0.25,2.45,-21.1319828042514,5.3,-19.8255411255689,5.95,-10.6405355494352
8,9,7.75,0.5,1.75,0.25,2.5,-14.8290630447464,5.15,-17.5124005703733,5.8,-11.4490014126598
8,9,7.75,0.75,1.75,0.25,2.45,-20.2699259280926,5.25,-29.0499592550705,5.9,-11.0015347381476
8,9,7.75,1,1.75,0.25,2.45,-20.460900438635,5.25,-20.4159749322008,5.9,-12.832842342115
7.5,9,7.75,0.5,2,0.25,2.5,-12.7965190740426,5.35,-14.4500637365969,,
7.5,9,7.75,0.75,2,0.25,2.45,-13.3696655589505,5.2,-13.9460529606925,5.95,-10.1842135636857
7.5,9,7.75,1,2,0.25,2.45,-17.1482020663219,5.2,-15.6954998674686,5.9,-10.2999379527976
7.75,9,7.75,0.5,2,0.25,2.5,-12.7785441207172,5.3,-16.6738124428139,,
7.75,9,7.75,0.75,2,0.25,2.45,-17.67893234801,5.25,-19.3065729711609,5.95,-10.1258380173343
7.75,9,7.75,1,2,0.25,2.45,-16.066166249969,5.2,-22.039466323114,5.9,-11.5061461091516
8,9,7.75,0.5,2,0.25,2.45,-14.3948417959364,5.2,-30.7028620948081,5.9,-10.4702311473804
8,9,7.75,0.75,2,0.25,2.45,-19.9288294801621,5.2,-22.9337006286179,5.95,-11.4318579177751
8,9,7.75,1,2,0.25,2.4,-18.8167589699709,5.15,-21.3152780912709,5.9,-12.5876960139823
7.5,9.25,7.75,0.5,1.5,0.25,2.5,-12.1543885020381,5.35,-14.9210405599614,,
7.5,9.25,7.75,0.75,1.5,0.25,2.45,-14.4781155940431,5.35,-16.5433417641458,,
7.5,9.25,7.75,1,1.5,0.25,2.45,-14.6990675158935,5.1,-10.7905982564538,5.75,-13.6132230387896
7.75,9.25,7.75,0.5,1.5,0.25,2.45,-13.5780989417297,5.3,-20.1773391193798,5.85,-10.7721162884612
7.75,9.25,7.75,0.75,1.5,0.25,2.45,-17.9293257992741,5.3,-19.101572103823,5.85,-10.9408358584073
7.75,9.25,7.75,1,1.5,0.25,2.4,-15.8878983227282,5.3,-19.2637529967209,5.85,-11.6631895927053
8,9.25,7.75,0.5,1.5,0.25,2.45,-14.4022393385343,5.15,-22.2987142862479,5.7,-13.666719245094
8,9.25,7.75,0.75,1.5,0.25,2.45,-19.8438210664427,5.25,-19.4698684862781,5.8,-11.5466469609795
8,9.25,7.75,1,1.5,0.25,2.4,-26.450162439178,5.3,-27.9722583822032,5.85,-11.547531284125
7.5,9.25,7.75,0.5,1.75,0.25,2.45,-10.956787211751,5.4,-14.1621633442369,,
7.5,9.25,7.75,0.75,1.75,0.25,2.45,-14.1426953405563,5.3,-15.2839009867018,5.85,-10.2287561897864
7.5,9.25,7.75,1,1.75,0.25,2.4,-15.8174385091172,5.3,-14.4155014602534,5.85,-10.496124170906
7.75,9.25,7.75,0.5,1.75,0.25,2.45,-14.6963532294653,5.25,-18.0462136723488,5.85,-10.8094269381749
7.75,9.25,7.75,0.75,1.75,0.25,2.45,-14.2323532434025,5.25,-22.6570276444634,5.85,-11.0639697050899
7.75,9.25,7.75,1,1.75,0.25,2.4,-23.7450849335194,5.25,-20.2909552484119,5.85,-11.0349082425938
8,9.25,7.75,0.5,1.75,0.25,2.45,-16.3647509220792,5.2,-22.4157855354284,5.8,-11.5742809487262
8,9.25,7.75,0.75,1.75,0.25,2.4,-17.7998216271566,5.25,-19.814898726411,5.85,-10.7568086799695
8,9.25,7.75,1,1.75,0.25,2.4,-27.580960130178,5.2,-22.634824735527,5.85,-11.4351737376003
7.5,9.25,7.75,0.5,2,0.25,2.45,-13.0638343109832,5.25,-15.3712926552273,,
7.5,9.25,7.75,0.75,2,0.25,2.4,-13.0088729073783,5.25,-15.2287492220658,5.9,-10.0777895096701
7.5,9.25,7.75,1,2,0.25,2.4,-18.6611885177407,5.3,-17.8385779891532,,
7.75,9.25,7.75,0.5,2,0.25,2.45,-14.3735374476314,5.35,-19.0278780251581,,
7.75,9.25,7.75,0.75,2,0.25,2.4,-16.4702163992262,5.25,-20.587267285417,,
7.75,9.25,7.75,1,2,0.25,2.4,-19.124687684899,5.05,-17.680831163009,5.75,-14.2694183689456
8,9.25,7.75,0.5,2,0.25,2.45,-13.9618023476328,5.15,-25.3350138555973,5.8,-12.0936363139172
8,9.25,7.75,0.75,2,0.25,2.4,-24.2683303614903,5.2,-23.1120876076381,5.85,-11.9928982966024
8,9.25,7.75,1,2,0.25,2.4,-16.19865692631,5.15,-17.4074965029888,5.8,-13.112893807225
7.5,9.5,7.75,0.5,1.5,0.25,2.45,-11.5827424846589,5.35,-16.6414576989522,,
7.5,9.5,7.75,0.75,1.5,0.25,2.4,-16.9106609371507,5.3,-17.1638345836532,5.75,-10.9250779843779
7.5,9.5,7.75,1,1.5,0.25,2.4,-17.8400695687778,5.3,-17.2016224520241,5.75,-11.2395237954574
7.75,9.5,7.75,0.5,1.5,0.25,2.4,-15.8490453223377,5.3,-22.2029249416296,5.8,-10.0404679152864
7.75,9.5,7.75,0.75,1.5,0.25,2.4,-18.0097392001334,5.3,-25.8503670302145,5.8,-11.03314471934
7.75,9.5,7.75,1,1.5,0.25,2.35,-19.2954651751002,5.3,-20.3534602716266,5.8,-12.0607224166142
8,9.5,7.75,0.5,1.5,0.25,2.4,-19.9875464565895,5.25,-36.8287495873342,5.75,-10.7365659563974
8,9.5,7.75,0.75,1.5,0.25,2.4,-18.5117826896879,5.15,-22.2949402469663,5.6,-13.5465171748419
8,9.5,7.75,1,1.5,0.25,2.35,-22.1553916948268,5.25,-28.6409474740374,5.75,-11.9926390260302
7.5,9.5,7.75,0.5,1.75,0.25,2.4,-14.6854364038195,5.3,-16.4169120462776,,
7.5,9.5,7.75,0.75,1.75,0.25,2.4,-13.5451931701628,5.3,-18.6759133618699,,
7.5,9.5,7.75,1,1.75,0.25,2.35,-19.0027145995493,5.3,-18.9287945084273,,
7.75,9.5,7.75,0.5,1.75,0.25,2.4,-15.2379358785948,5.2,-21.1255330649852,5.7,-10.5589386329283
7.75,9.5,7.75,0.75,1.75,0.25,2.4,-17.3991327279617,5.1,-15.6796847564873,5.65,-13.7589087034582
7.75,9.5,7.75,1,1.75,0.25,2.35,-17.4624309092364,5.3,-22.9256890545901,,
8,9.5,7.75,0.5,1.75,0.25,2.4,-16.473521655664,5.2,-34.1506835890094,5.75,-10.7681068125554
8,9.5,7.75,0.75,1.75,0.25,2.35,-15.9597539744725,5.25,-20.8250452939933,,
8,9.5,7.75,1,1.75,0.25,2.35,-27.4072689631792,5.1,-23.7733584391662,5.7,-13.6501903585085
7.5,9.5,7.75,0.5,2,0.25,2.4,-12.5679446556482,5.3,-16.5167088563139,,
7.5,9.5,7.75,0.75,2,0.25,2.35,-12.94488129466,5.25,-20.2268836778675,,
7.5,9.5,7.75,1,2,0.25,2.35,-19.2158416486961,5.3,-18.2144245435298,,
7.75,9.5,7.75,0.5,2,0.25,2.35,-14.3942819626903,5.25,-23.7783500406917,,
7.75,9.5,7.75,0.75,2,0.25,2.35,-22.5258788293635,5.25,-26.9594093557809,5.85,-10.2534707651817
7.75,9.5,7.75,1,2,0.25,2.35,-17.7778219923579,5.25,-34.7616291410432,,
8,9.5,7.75,0.5,2,0.25,2.35,-18.1212601701641,5.2,-29.9338585645934,,
8,9.5,7.75,0.75,2,0.25,2.35,-21.0398106190204,5.2,-24.3297476728264,5.85,-10.4355525289054
8,9.5,7.75,1,2,0.25,2.3,-14.5916612188435,5.2,-22.9365867110985,5.85,-10.6346537624851
7.5,9,8,0.5,1.5,0.25,2.5,-11.4237638073267,5.25,-11.8229335156895,5.85,-10.6166900195464
7.5,9,8,0.75,1.5,0.25,2.5,-13.862477624824,5.3,-11.818930349989,5.85,-10.7805945924617
7.5,9,8,1,1.5,0.25,2.45,-14.6328685948826,5.2,-11.3723409573409,5.85,-12.1001218692278
7.75,9,8,0.5,1.5,0.25,2.5,-13.2408362410222,5.2,-15.0422950599351,5.8,-12.5083165111962
7.75,9,8,0.75,1.5,0.25,2.5,-14.3815521772615,5.2,-16.3087547003098,5.85,-13.1706420761437
7.75,9,8,1,1.5,0.25,2.45,-19.7897712826944,5.15,-12.2914133274298,5.8,-13.1110542173807
8,9,8,0.5,1.5,0.25,2.5,-16.2177715714664,5.15,-19.7665566525747,5.75,-14.7570345547313
8,9,8,0.75,1.5,0.25,2.45,-17.5382256656524,5.1,-13.5320032675576,5.75,-15.8408843161089
8,9,8,1,1.5,0.25,2.45,-25.5535781529302,5.2,-16.2756067648158,5.8,-14.2468951026291
7.5,9,8,0.5,1.75,0.25,2.5,-12.014870376668,5.25,-13.5563059880304,5.9,-10.5796774341365
7.5,9,8,0.75,1.75,0.25,2.5,-12.7046896870739,5.2,-11.9751732147445,5.85,-11.136980950982
7.5,9,8,1,1.75,0.25,2.45,-17.5725666365361,5.2,-13.8455963214457,5.9,-11.1490135369297
7.75,9,8,0.5,1.75,0.25,2.5,-13.0706163221228,5.0,-10.7980610493859,5.7,-15.0201459823092
7.75,9,8,0.75,1.75,0.25,2.5,-14.9675270715233,5.25,-18.8958968068563,5.85,-11.3378295821528
7.75,9,8,1,1.75,0.25,2.45,-19.013113931804,5.15,-15.1524848884649,5.9,-12.6172045145885
8,9,8,0.5,1.75,0.25,2.5,-15.0208393178056,5.1,-17.2451429292748,5.8,-14.9501210560061
8,9,8,0.75,1.75,0.25,2.45,-21.1825585280594,5.15,-16.4250977488675,5.85,-13.1446787739561
8,9,8,1,1.75,0.25,2.45,-19.4388667679065,5.1,-16.7771154300966,5.8,-13.7857566684014
7.5,9,8,0.5,2,0.25,2.5,-11.525879111264,5.2,-12.549492312734,5.95,-10.0073454466955
7.5,9,8,0.75,2,0.25,2.45,-14.5734867996987,5.1,-14.1722440812195,5.85,-11.7056065104146
7.5,9,8,1,2,0.25,2.45,-16.344372355782,5.15,-15.1769456784563,5.9,-11.302159021359
7.75,9,8,0.5,2,0.25,2.5,-12.8089462677354,5.15,-17.0502776879258,5.85,-11.4601297660427
7.75,9,8,0.75,2,0.25,2.45,-17.4743479321322,5.15,-16.7469354596959,5.9,-12.1735043600204
7.75,9,8,1,2,0.25,2.45,-15.9508654698107,5.15,-22.0382107832115,5.9,-12.2488115205501
8,9,8,0.5,2,0.25,2.45,-15.5677709621496,5.15,-25.7776306727609,5.85,-12.1462041011598
8,9,8,0.75,2,0.25,2.45,-18.2095579892846,5.15,-25.355163319771,5.9,-13.2447697261894
8,9,8,1,2,0.25,2.4,-19.7917956852988,5.1,-19.2090135039913,5.9,-13.0938493717802
7.5,9.25,8,0.5,1.5,0.25,2.5,-11.5395831733983,5.25,-12.4288910018614,5.75,-11.8527093556062
7.5,9.25,8,0.75,1.5,0.25,2.45,-15.5016585346683,5.25,-13.3008581914452,5.8,-11.4532828468022
7.5,9.25,8,1,1.5,0.25,2.45,-14.6949874659369,5.25,-11.8086597681804,5.8,-12.3363474985417
7.75,9.25,8,0.5,1.5,0.25,2.45,-14.0060759714102,5.2,-16.1048120973316,5.75,-13.0705373247069
7.75,9.25,8,0.75,1.5,0.25,2.45,-16.5295237435095,5.1,-13.5239458547473,5.7,-14.5037922807368
7.75,9.25,8,1,1.5,0.25,2.4,-17.7796091205124,5.15,-16.6119801198978,5.75,-13.6348470206716
8,9.25,8,0.5,1.5,0.25,2.45,-16.2030874242675,4.85,-11.4025951344853,5.55,-22.5686581082234
8,9.25,8,0.75,1.5,0.25,2.45,-17.7420959402076,5.25,-21.0531681464623,5.8,-13.0938474142673
8,9.25,8,1,1.5,0.25,2.4,-29.8503684155673,5.15,-18.2493884367869,5.75,-15.5788331903893
7.5,9.25,8,0.5,1.75,0.25,2.45,-13.1533102612072,5.2,-12.4330040820627,5.8,-10.8564167034651
7.5,9.25,8,0.75,1.75,0.25,2.45,-14.4216869048522,5.25,-15.6778277168542,5.8,-10.2761082738276
7.5,9.25,8,1,1.75,0.25,2.4,-17.6767411811258,5.1,-13.096732104073,5.8,-12.8310913269691
7.75,9.25,8,0.5,1.75,0.25,2.45,-13.5106898686196,5.15,-16.407837983001,5.75,-12.8728922269064
7.75,9.25,8,0.75,1.75,0.25,2.45,-15.168217525153,5.2,-20.8231663367401,5.8,-12.7869855255345
7.75,9.25,8,1,1.75,0.25,2.4,-22.5723275614945,5.15,-16.836932566786,5.75,-12.8259649208211
8,9.25,8,0.5,1.75,0.25,2.45,-15.4949446421996,5.1,-15.8856814881775,5.7,-15.732019963231
8,9.25,8,0.75,1.75,0.25,2.4,-19.1439943401814,5.15,-19.4112262823155,5.75,-12.4632934115201
8,9.25,8,1,1.75,0.25,2.4,-21.4708604364316,5.15,-20.1901958860825,5.8,-14.5933254785266
7.5,9.25,8,0.5,2,0.25,2.45,-12.6710997968685,5.2,-13.4605804713855,5.85,-10.5769122428616
7.5,9.25,8,0.75,2,0.25,2.4,-13.6690111075222,5.15,-15.7318616024726,5.85,-11.4062448701355
7.5,9.25,8,1,2,0.25,2.4,-19.5479954410263,5.2,-16.5351313743861,5.9,-10.9051916354363
7.75,9.25,8,0.5,2,0.25,2.45,-13.3940505203662,5.2,-18.3616598652001,5.85,-11.8263765320345
7.75,9.25,8,0.75,2,0.25,2.4,-19.0413627639272,5.15,-20.0474045170916,5.85,-12.0831120535913
7.75,9.25,8,1,2,0.25,2.4,-20.1319015317515,5.1,-15.9986077000669,5.8,-13.5442470796126
8,9.25,8,0.5,2,0.25,2.4,-13.5947546083764,5.05,-19.6579593810471,5.7,-14.500826219291
8,9.25,8,0.75,2,0.25,2.4,-21.1431622129854,5.05,-20.3300276916057,5.7,-14.2194409741813
8,9.25,8,1,2,0.25,2.4,-16.0865391247808,5.15,-21.7702446388065,5.8,-12.9815437304976
7.5,9.5,8,0.5,1.5,0.25,2.4,-13.4601576558902,5.25,-13.4628445071817,5.75,-12.1684210477878
7.5,9.5,8,0.75,1.5,0.25,2.4,-16.4537876900972,5.65,-14.2332893251314,,
7.5,9.5,8,1,1.5,0.25,2.4,-14.3448686526174,5.2,-14.3551861588452,5.75,-12.4745603628348
7.75,9.5,8,0.5,1.5,0.25,2.4,-16.2656624512539,5.2,-17.6858136193488,5.7,-13.2393139598217
7.75,9.5,8,0.75,1.5,0.25,2.4,-18.0708307790751,5.2,-17.714048256753,5.7,-13.9196054888444
7.75,9.5,8,1,1.5,0.25,2.35,-15.7407018346459,5.2,-21.1699413063792,5.65,-13.8382689834937
8,9.5,8,0.5,1.5,0.25,2.4,-19.5453589484412,5.15,-20.2050706838696,5.7,-13.6665530304689
8,9.5,8,0.75,1.5,0.25,2.4,-16.546751465227,5.15,-17.8198894108546,5.7,-15.006271101013
8,9.5,8,1,1.5,0.25,2.35,-26.2202946595314,5.2,-27.6461875200297,5.7,-14.6292939148279
7.5,9.5,8,0.5,1.75,0.25,2.4,-11.3518454828567,5.15,-22.4386697319321,,
7.5,9.5,8,0.75,1.75,0.25,2.4,-14.0399949177983,5.2,-14.9262080454677,5.75,-12.2437629494542
7.5,9.5,8,1,1.75,0.25,2.35,-18.8739334178951,5.2,-16.1165570568704,5.75,-12.2611849948487
7.75,9.5,8,0.5,1.75,0.25,2.4,-14.9876004513694,5.2,-17.9940580997244,5.75,-12.6132312878534
7.75,9.5,8,0.75,1.75,0.25,2.35,-15.2374719511112,5.2,-22.3509474205991,5.75,-12.5944280218568
7.75,9.5,8,1,1.75,0.25,2.35,-25.555198816493,5.1,-15.0295139100805,5.7,-14.4399387977416
8,9.5,8,0.5,1.75,0.25,2.4,-15.4354260546419,5.15,-20.9433918754171,5.7,-13.60062185474
8,9.5,8,0.75,1.75,0.25,2.35,-21.6277632039345,5.15,-34.5216000042103,5.7,-14.2141012788593
8,9.5,8,1,1.75,0.25,2.35,-19.3061269288385,5.2,-19.3279320211885,5.75,-14.2759940828098
7.5,9.5,8,0.5,2,0.25,2.35,-12.2165269135707,5.2,-15.3665005784193,5.8,-11.1578945115294
7.5,9.5,8,0.75,2,0.25,2.35,-16.157547837695,5.15,-15.9571850849696,5.75,-11.8506969097315
7.5,9.5,8,1,2,0.25,2.35,-20.9514913741811,5.15,-14.7492718144833,5.8,-11.6815448324196
7.75,9.5,8,0.5,2,0.25,2.4,-12.5425688149016,5.15,-17.0186503012025,5.75,-12.3115734317578
7.75,9.5,8,0.75,2,0.25,2.35,-22.1810409121014,5.15,-19.3681880029578,5.8,-12.0941054869409
7.75,9.5,8,1,2,0.25,2.35,-16.8214752009045,5.15,-24.3913645249438,5.75,-12.4960032309028
8,9.5,8,0.5,2,0.25,2.35,-17.4931059595721,5.15,-25.7473815261077,5.75,-13.0160770257094
8,9.5,8,0.75,2,0.25,2.35,-20.1617385391904,4.9,-21.1591195261538,5.5,-18.1877041372325
8,9.5,8,1,2,0.25,2.3,-14.9062762649324,5.1,-23.009753287068,5.75,-14.8335095959134
7.5,9,7.5,0.5,1.5,0.5,2.5,-10.9626859259911,5.35,-14.2181241079296,,
7.5,9,7.5,0.75,1.5,0.5,2.5,-13.7526774004651,5.35,-15.1881382869838,,
7.5,9,7.5,1,1.5,0.5,2.5,-14.4324448610088,5.4,-16.0788260377654,,
7.75,9,7.5,0.5,1.5,0.5,2.5,-13.2790086184214,5.35,-17.2232104776165,,
7.75,9,7.5,0.75,1.5,0.5,2.5,-16.3770509835375,5.35,-21.625411350571,,
7.75,9,7.5,1,1.5,0.5,2.45,-20.6272289248985,5.3,-19.9110705071355,5.9,-10.2039786333992
8,9,7.5,0.5,1.5,0.5,2.5,-14.3784609070268,5.2,-18.2618785074678,5.8,-10.2460762857409
8,9,7.5,0.75,1.5,0.5,2.45,-16.1270837439426,5.25,-22.6404381337133,,
8,9,7.5,1,1.5,0.5,2.45,-27.9377579275399,5.35,-19.1903331127862,5.95,-10.069625823822
7.5,9,7.5,0.5,1.75,0.5,2.5,-11.947120731511,5.3,-14.0933527934539,,
7.5,9,7.5,0.75,1.75,0.5,2.45,-14.2828091855534,5.25,-15.7409206575545,,
7.5,9,7.5,1,1.75,0.5,2.45,-18.0760594136475,5.35,-16.1044348303023,,
7.75,9,7.5,0.5,1.75,0.5,2.5,-12.5174427219557,5.3,-17.013600771114,,
7.75,9,7.5,0.75,1.75,0.5,2.45,-16.31191042254,5.3,-22.7753194249729,,
7.75,9,7.5,1,1.75,0.5,2.45,-19.4298680073564,5.35,-21.3563517276525,,
8,9,7.5,0.5,1.75,0.5,2.5,-13.6884794354138,5.25,-18.1212587214742,,
8,9,7.5,0.75,1.75,0.5,2.45,-21.2132453263296,5.3,-20.0244963809871,,
8,9,7.5,1,1.75,0.5,2.45,-18.6823933929449,5.3,-24.5326422775211,,
7.5,9,7.5,0.5,2,0.5,2.5,-10.7436582417097,5.25,-15.2580529162682,,
7.5,9,7.5,0.75,2,0.5,2.45,-15.2816070687584,5.05,-14.0268673825158,5.85,-10.9485041789661
7.5,9,7.5,1,2,0.5,2.45,-16.5728191565989,5.3,-16.2273641648466,,
7.75,9,7.5,0.5,2,0.5,2.5,-12.5619614603046,5.25,-22.6987089018479,,
7.75,9,7.5,0.75,2,0.5,2.45,-17.5653120361607,5.3,-18.3557937835431,,
7.75,9,7.5,1,2,0.5,2.45,-15.7542936071722,5.3,-25.7392195686508,,
8,9,7.5,0.5,2,0.5,2.45,-14.9969585266309,5.2,-22.0230170686617,,
8,9,7.5,0.75,2,0.5,2.45,-19.0278464223249,5.25,-28.2057432081382,,
8,9,7.5,1,2,0.5,2.4,-20.9068295468708,5.25,-20.1222633956408,,
7.5,9.25,7.5,0.5,1.5,0.5,2.5,-11.4644929153681,5.35,-14.4337254975282,,
7.5,9.25,7.5,0.75,1.5,0.5,2.45,-15.4842700927872,5.35,-15.9654692755701,,
7.5,9.25,7.5,1,1.5,0.5,2.45,-15.8821721574744,5.35,-16.5233588569581,,
7.75,9.25,7.5,0.5,1.5,0.5,2.45,-13.0451738881249,5.3,-21.5514950043033,,
7.75,9.25,7.5,0.75,1.5,0.5,2.45,-16.7735333193003,5.35,-19.435569571996,,
7.75,9.25,7.5,1,1.5,0.5,2.4,-17.140896490868,5.3,-25.2074591407823,,
8,9.25,7.5,0.5,1.5,0.5,2.45,-16.4530085689394,5.3,-19.3662824929346,,
8,9.25,7.5,0.75,1.5,0.5,2.45,-16.2439028222779,5.3,-26.8134847428633,,
8,9.25,7.5,1,1.5,0.5,2.4,-21.2827960125766,5.25,-26.1077927054935,5.85,-10.7800504819901
7.5,9.25,7.5,0.5,1.75,0.5,2.45,-13.1097193513703,5.35,-15.194811439391,,
7.5,9.25,7.5,0.75,1.75,0.5,2.45,-13.4113093562826,5.35,-15.7804106334205,,
7.5,9.25,7.5,1,1.75,0.5,2.4,-17.3892821843978,5.3,-19.2565731571981,,
7.75,9.25,7.5,0.5,1.75,0.5,2.45,-13.6453811421898,5.3,-19.3210305630226,,
7.75,9.25,7.5,0.75,1.75,0.5,2.45,-14.1321571706466,5.3,-21.8084533718678,,
7.75,9.25,7.5,1,1.75,0.5,2.4,-20.8489009600492,5.25,-21.7930829358228,5.9,-10.6393993230262
8,9.25,7.5,0.5,1.75,0.5,2.45,-15.3370180967627,5.25,-34.2528497614252,,
8,9.25,7.5,0.75,1.75,0.5,2.4,-18.8141880391844,5.2,-19.7292508203972,,
8,9.25,7.5,1,1.75,0.5,2.4,-22.5096684629144,5.25,-20.1934400768041,,
7.5,9.25,7.5,0.5,2,0.5,2.45,-13.1121247052295,5.3,-15.9915155624895,,
7.5,9.25,7.5,0.75,2,0.5,2.4,-14.2181294901021,5.3,-16.7636336523726,,
7.5,9.25,7.5,1,2,0.5,2.4,-19.6867861230991,5.3,-17.4001869710109,,
7.75,9.25,7.5,0.5,2,0.5,2.4,-13.1611821232456,5.25,-22.2706444415853,,
7.75,9.25,7.5,0.75,2,0.5,2.4,-19.1595676859844,5.3,-22.2452268898698,,
7.75,9.25,7.5,1,2,0.5,2.4,-18.2721646742406,5.25,-26.5849789360605,,
8,9.25,7.5,0.5,2,0.5,2.4,-14.4034822855791,5.25,-30.908262482156,,
8,9.25,7.5,0.75,2,0.5,2.4,-22.7718293272001,5.25,-21.1307931541278,,
8,9.25,7.5,1,2,0.5,2.4,-15.762743934874,5.25,-19.5704351714076,,
7.5,9.5,7.5,0.5,1.5,0.5,2.45,-11.6462890914077,5.35,-16.527761898765,,
7.5,9.5,7.5,0.75,1.5,0.5,2.4,-14.7137457856056,5.3,-19.168599032434,,
7.5,9.5,7.5,1,1.5,0.5,2.4,-15.5279298584884,5.35,-18.8643959866251,,
7.75,9.5,7.5,0.5,1.5,0.5,2.4,-13.8831497300888,5.3,-18.9173896123857,,
7.75,9.5,7.5,0.75,1.5,0.5,2.4,-19.2256378251925,5.3,-25.3796450469897,,
7.75,9.5,7.5,1,1.5,0.5,2.4,-16.2045110061339,5.3,-25.5568047152496,,
8,9.5,7.5,0.5,1.5,0.5,2.4,-16.0828719639413,5.25,-20.6199919873853,5.75,-10.0656463340409
8,9.5,7.5,0.75,1.5,0.5,2.4,-16.2371494597248,5.25,-25.2667696161285,5.8,-10.0578904817848
8,9.5,7.5,1,1.5,0.5,2.35,-23.1743585506097,5.3,-20.6751046665332,,
7.5,9.5,7.5,0.5,1.75,0.5,2.4,-13.9740512551677,5.35,-16.084462060721,,
7.5,9.5,7.5,0.75,1.75,0.5,2.4,-13.6347674020795,5.3,-16.9918827366061,,
7.5,9.5,7.5,1,1.75,0.5,2.35,-15.2434546817202,5.3,-17.6113580443203,,
7.75,9.5,7.5,0.5,1.75,0.5,2.4,-15.7969031680639,5.3,-25.5129923308115,,
7.75,9.5,7.5,0.75,1.75,0.5,2.35,-15.3349998653105,5.3,-23.3074278128906,,
7.75,9.5,7.5,1,1.75,0.5,2.35,-24.0481593165557,5.2,-22.3345830666976,5.75,-10.0158889789598
8,9.5,7.5,0.5,1.75,0.5,2.4,-15.2664869073266,5.25,-20.6985319212233,,
8,9.5,7.5,0.75,1.75,0.5,2.35,-15.2218237677872,5.2,-24.3292626691779,,
8,9.5,7.5,1,1.75,0.5,2.35,-25.4024546136376,5.25,-22.7321551496177,,
7.5,9.5,7.5,0.5,2,0.5,2.4,-12.5980059135429,5.2,-15.2586668508867,,
7.5,9.5,7.5,0.75,2,0.5,2.35,-13.8757176861459,5.3,-20.8547422762898,,
7.5,9.5,7.5,1,2,0.5,2.35,-19.6545293477144,5.25,-20.318602919389,,
7.75,9.5,7.5,0.5,2,0.5,2.4,-12.5468299952761,5.25,-22.2738659048569,,
7.75,9.5,7.5,0.75,2,0.5,2.35,-19.4682811769065,5.25,-21.3433672410192,,
7.75,9.5,7.5,1,2,0.5,2.35,-15.3683809770753,5.2,-32.2209169531116,,
8,9.5,7.5,0.5,2,0.5,2.35,-16.3547623481267,5.2,-37.4334922958801,,
8,9.5,7.5,0.75,2,0.5,2.35,-20.473224916257,5.15,-21.8137135013343,,
8,9.5,7.5,1,2,0.5,2.35,-16.9246671586579,5.15,-24.4488501095748,5.8,-10.9767566614977
7.5,9,7.75,0.5,1.5,0.5,2.5,-12.0592628191078,5.3,-13.0919024313136,,
7.5,9,7.75,0.75,1.5,0.5,2.5,-13.4732678421135,5.25,-14.7405035449088,5.9,-10.5660696510348
7.5,9,7.75,1,1.5,0.5,2.45,-16.2991833971879,5.3,-15.5494633743336,5.9,-10.1118939426651
7.75,9,7.75,0.5,1.5,0.5,2.5,-13.9118057013119,5.2,-17.0193342143112,5.85,-11.2504341512737
7.75,9,7.75,0.75,1.5,0.5,2.5,-14.8028179397577,5.25,-16.1918263248514,5.9,-11.1886339519983
7.75,9,7.75,1,1.5,0.5,2.45,-20.0518527727594,5.2,-15.4821946068816,5.9,-11.8333741484464
8,9,7.75,0.5,1.5,0.5,2.5,-15.0877214176061,5.2,-22.2213132206559,5.8,-12.0991824220698
8,9,7.75,0.75,1.5,0.5,2.45,-16.4607236929923,5.2,-23.2631764700554,5.8,-11.291377086683
8,9,7.75,1,1.5,0.5,2.45,-25.5834339976599,5.2,-17.5006218930902,5.9,-12.3000434127955
7.5,9,7.75,0.5,1.75,0.5,2.5,-11.9723376628603,5.25,-14.2207683770561,5.9,-10.0291774884059
7.5,9,7.75,0.75,1.75,0.5,2.45,-12.826712278586,5.25,-15.34953729403,5.9,-10.4754949490147
7.5,9,7.75,1,1.75,0.5,2.45,-17.7305075391127,5.25,-15.0880338232709,5.95,-10.1521665059153
7.75,9,7.75,0.5,1.75,0.5,2.5,-13.4966887518292,5.25,-16.0792715685499,5.9,-10.2927795986717
7.75,9,7.75,0.75,1.75,0.5,2.45,-15.7593390207989,5.25,-21.384362369946,,
7.75,9,7.75,1,1.75,0.5,2.45,-18.9934094538278,5.2,-18.2294390825914,5.9,-11.1824260173578
8,9,7.75,0.5,1.75,0.5,2.5,-14.0418904597437,5.2,-19.0338194825518,5.85,-11.6949715693689
8,9,7.75,0.75,1.75,0.5,2.45,-19.9716765957551,5.2,-18.6489773904132,5.85,-11.4062593510225
8,9,7.75,1,1.75,0.5,2.4,-17.3758598552874,5.2,-23.5386403550406,5.9,-12.9057067301543
7.5,9,7.75,0.5,2,0.5,2.5,-11.8809304949651,5.25,-14.4990982013114,,
7.5,9,7.75,0.75,2,0.5,2.45,-15.0453738267111,5.2,-15.8812615693737,,
7.5,9,7.75,1,2,0.5,2.45,-16.1432965153597,5.2,-17.5842426591087,5.95,-10.3742641100238
7.75,9,7.75,0.5,2,0.5,2.45,-12.3944494096375,5.2,-17.997615760874,5.9,-10.586582332789
7.75,9,7.75,0.75,2,0.5,2.45,-17.9928580748394,5.25,-16.5077381403762,,
7.75,9,7.75,1,2,0.5,2.4,-16.5680052414052,5.2,-21.2305883193489,5.95,-10.7871082846022
8,9,7.75,0.5,2,0.5,2.45,-15.9695848052424,5.15,-19.0932733706394,5.9,-10.6948617617889
8,9,7.75,0.75,2,0.5,2.45,-17.122305277484,5.15,-27.2567901439292,5.9,-11.5862111486415
8,9,7.75,1,2,0.5,2.4,-21.8379113987006,5.15,-27.2860871969863,5.9,-11.9996345196747
7.5,9.25,7.75,0.5,1.5,0.5,2.45,-12.5331119794675,5.25,-12.8686355943637,5.8,-10.5689061559474
7.5,9.25,7.75,0.75,1.5,0.5,2.45,-15.4050201131949,5.25,-14.4619970820397,5.85,-10.7412786311081
7.5,9.25,7.75,1,1.5,0.5,2.45,-16.2657494219265,5.3,-14.4368327488564,5.85,-10.8806791262718
7.75,9.25,7.75,0.5,1.5,0.5,2.5,-12.7351144022537,5.15,-14.8340887453393,5.75,-12.0158953230885
7.75,9.25,7.75,0.75,1.5,0.5,2.45,-17.6429774613144,5.25,-18.3067000250127,5.8,-11.6834849559714
7.75,9.25,7.75,1,1.5,0.5,2.4,-19.1133344834126,5.25,-19.9330067227283,5.85,-11.8241767914262
8,9.25,7.75,0.5,1.5,0.5,2.45,-16.205833261803,5.2,-20.3739748057207,5.8,-11.149483871041
8,9.25,7.75,0.75,1.5,0.5,2.45,-16.1280467805206,5.2,-24.0185112743989,5.8,-12.864041167265
8,9.25,7.75,1,1.5,0.5,2.4,-23.1375926184957,5.2,-21.8919518080102,5.8,-13.8551189040099
7.5,9.25,7.75,0.5,1.75,0.5,2.45,-12.98447624735,5.25,-14.7902409004548,5.85,-10.290269546064
7.5,9.25,7.75,0.75,1.75,0.5,2.45,-14.1005528067458,5.25,-17.437575641662,5.85,-10.3690996311215
7.5,9.25,7.75,1,1.75,0.5,2.4,-17.1822735165544,5.25,-16.5956829627439,5.9,-10.1829124035997
7.75,9.25,7.75,0.5,1.75,0.5,2.45,-14.8384601806699,5.25,-20.2326835062778,5.85,-10.4434037719902
7.75,9.25,7.75,0.75,1.75,0.5,2.4,-16.3574051158165,5.2,-16.8156328142463,5.85,-11.2199362722496
7.75,9.25,7.75,1,1.75,0.5,2.4,-23.1964112667148,5.2,-22.9633308475801,5.85,-11.8369549682388
8,9.25,7.75,0.5,1.75,0.5,2.45,-15.4632444579059,5.2,-21.7812427939515,5.8,-11.3726090127116
8,9.25,7.75,0.75,1.75,0.5,2.4,-21.3527526576885,5.2,-22.773877599546,5.85,-11.4228471399719
8,9.25,7.75,1,1.75,0.5,2.4,-20.4525021638839,5.2,-18.2279768576752,5.85,-11.7555426623595
7.5,9.25,7.75,0.5,2,0.5,2.45,-12.2717447507136,5.2,-16.1697499478804,,
7.5,9.25,7.75,0.75,2,0.5,2.4,-15.2594086993742,5.25,-18.1071136105224,,
7.5,9.25,7.75,1,2,0.5,2.4,-17.2994334036103,5.15,-16.2120178201677,5.85,-10.7012863585212
7.75,9.25,7.75,0.5,2,0.5,2.45,-13.2745586583447,5.2,-20.9053071795946,,
7.75,9.25,7.75,0.75,2,0.5,2.4,-17.567472395894,5.2,-21.6310207661357,5.85,-10.4585458726245
7.75,9.25,7.75,1,2,0.5,2.4,-17.7249075732435,5.2,-25.8321545392577,5.9,-10.7110384904874
8,9.25,7.75,0.5,2,0.5,2.4,-14.9329102510828,5.1,-27.9129255325141,5.8,-11.922263746036
8,9.25,7.75,0.75,2,0.5,2.4,-21.3502614330816,5.15,-21.3284793077601,5.85,-11.1544020253228
8,9.25,7.75,1,2,0.5,2.35,-23.1936489569275,5.1,-23.6958372064512,5.75,-10.8950422284056
7.5,9.5,7.75,0.5,1.5,0.5,2.4,-12.3467254892636,5.25,-15.023214336329,5.7,-10.8660024199679
7.5,9.5,7.75,0.75,1.5,0.5,2.4,-17.2196497329648,5.3,-16.4224855561295,5.8,-10.8779649916176
7.5,9.5,7.75,1,1.5,0.5,2.4,-17.092259989675,5.25,-16.5480248400268,5.75,-11.1676802998466
7.75,9.5,7.75,0.5,1.5,0.5,2.4,-13.5758949176664,5.2,-22.3908634295877,5.7,-10.8656356537887
7.75,9.5,7.75,0.75,1.5,0.5,2.4,-17.5303182652659,5.25,-22.0911010915697,5.75,-11.8208918980742
7.75,9.5,7.75,1,1.5,0.5,2.35,-15.47109205738,5.25,-18.323056910029,5.75,-12.2184006697844
8,9.5,7.75,0.5,1.5,0.5,2.4,-19.2346564530386,5.2,-33.7661788737503,5.7,-11.2527199194926
8,9.5,7.75,0.75,1.5,0.5,2.4,-16.555774193496,5.2,-30.9161207560991,5.7,-11.9419089196632
8,9.5,7.75,1,1.5,0.5,2.35,-21.6717458686139,5.2,-29.6193080000374,5.75,-11.9238789934299
7.5,9.5,7.75,0.5,1.75,0.5,2.4,-14.0864373882502,5.25,-16.4630593233095,5.75,-10.2709275082203
7.5,9.5,7.75,0.75,1.75,0.5,2.4,-12.8948141862699,5.2,-16.0977292285724,5.75,-10.4639966702709
7.5,9.5,7.75,1,1.75,0.5,2.35,-19.1004745630822,5.15,-17.1447804403479,5.7,-12.0422855780135
7.75,9.5,7.75,0.5,1.75,0.5,2.4,-14.8848018233124,5.15,-16.8017767939521,5.7,-10.4638518163954
7.75,9.5,7.75,0.75,1.75,0.5,2.35,-15.3324329325102,5.2,-23.9299216145887,5.75,-11.1826879693762
7.75,9.5,7.75,1,1.75,0.5,2.35,-25.7121915551947,5.2,-24.1453188893926,5.8,-11.7864389070533
8,9.5,7.75,0.5,1.75,0.5,2.4,-14.8896311717487,5.2,-23.7240394360488,5.75,-11.6019422801606
8,9.5,7.75,0.75,1.75,0.5,2.35,-16.4491855335492,5.15,-27.2964575529204,5.7,-10.8522162542045
8,9.5,7.75,1,1.75,0.5,2.35,-30.3049467468335,5.1,-29.6670405504743,5.7,-14.9508311883909
7.5,9.5,7.75,0.5,2,0.5,2.4,-12.3273153280359,5.25,-14.9413296525393,,
7.5,9.5,7.75,0.75,2,0.5,2.35,-16.9852123552689,5.25,-18.1257170729174,,
7.5,9.5,7.75,1,2,0.5,2.35,-19.5726321402078,5.25,-18.5190227106784,5.85,-10.1034846479681
7.75,9.5,7.75,0.5,2,0.5,2.35,-14.0399507351244,5.2,-21.6553288909664,,
7.75,9.5,7.75,0.75,2,0.5,2.35,-15.9373937168472,5.15,-17.9932161754853,5.75,-12.0096257376851
7.75,9.5,7.75,1,2,0.5,2.35,-20.1007816920855,5.1,-17.4839249462452,5.75,-12.0117565714356
8,9.5,7.75,0.5,2,0.5,2.35,-13.930167226031,5.15,-25.2699827864076,5.8,-10.234229392424
8,9.5,7.75,0.75,2,0.5,2.35,-21.7798194995066,5.15,-29.1119355848691,5.8,-10.9902646972529
8,9.5,7.75,1,2,0.5,2.35,-16.5636190816699,5.15,-25.5186847723467,5.8,-11.4996259568122
7.5,9,8,0.5,1.5,0.5,2.5,-11.6284983589842,5.8,-11.6001363691522,,
7.5,9,8,0.75,1.5,0.5,2.5,-12.8094232020401,5.2,-14.3450251472621,5.85,-11.5267073724586
7.5,9,8,1,1.5,0.5,2.45,-16.4114489259581,5.15,-11.7470018904979,5.9,-11.6259198054265
7.75,9,8,0.5,1.5,0.5,2.5,-14.0285097951169,5.1,-13.8656594613644,5.8,-13.4215256593531
7.75,9,8,0.75,1.5,0.5,2.5,-13.7484365785611,5.15,-16.2952272723326,5.85,-12.3342950252129
7.75,9,8,1,1.5,0.5,2.45,-19.5126204975242,5.15,-14.3734904276902,5.85,-12.2948239320251
8,9,8,0.5,1.5,0.5,2.5,-14.1374803545804,5.1,-14.4321657938962,5.75,-14.8081766812595
8,9,8,0.75,1.5,0.5,2.45,-17.4693682539131,5.05,-17.0634600329621,5.8,-15.1894245317695
8,9,8,1,1.5,0.5,2.45,-21.3815299573073,5.15,-16.0512331792226,5.85,-15.6080023503122
7.5,9,8,0.5,1.75,0.5,2.5,-11.9173478229379,5.2,-12.4129589804024,5.9,-10.3748531745888
7.5,9,8,0.75,1.75,0.5,2.45,-13.7855127158556,5.1,-11.4037920906599,5.85,-11.1843570097705
7.5,9,8,1,1.75,0.5,2.45,-16.7680425785633,5.2,-12.966599758364,5.9,-11.4348903200392
7.75,9,8,0.5,1.75,0.5,2.5,-13.2503457678932,5.1,-15.0910056090008,5.8,-12.058961780713
7.75,9,8,0.75,1.75,0.5,2.45,-16.2904077891383,5.15,-20.2072818570298,5.85,-11.6802778508821
7.75,9,8,1,1.75,0.5,2.45,-17.7074868198903,5.15,-20.6402909074975,5.9,-12.2634593148712
8,9,8,0.5,1.75,0.5,2.45,-15.0108755686778,5.1,-20.7322962743285,5.8,-13.1938517434496
8,9,8,0.75,1.75,0.5,2.45,-20.6004731101524,5.15,-18.0969406500105,5.85,-13.7324588346998
8,9,8,1,1.75,0.5,2.4,-18.0028182100583,5.1,-20.2096588805569,5.85,-14.0251281999789
7.5,9,8,0.5,2,0.5,2.5,-11.712463663265,5.15,-13.785262673903,5.85,-10.3161826316427
7.5,9,8,0.75,2,0.5,2.45,-15.0067147038495,5.15,-15.4971032009791,5.9,-10.4081970504103
7.5,9,8,1,2,0.5,2.45,-14.7179679547087,5.5,-11.7775622722086,,
7.75,9,8,0.5,2,0.5,2.45,-13.4467617837574,5.1,-15.681719090496,5.9,-11.4675772910494
7.75,9,8,0.75,2,0.5,2.45,-16.7224002655641,5.15,-16.1709126072047,5.9,-11.7156361486418
7.75,9,8,1,2,0.5,2.4,-17.4937159141901,5.1,-19.7054599925392,5.9,-12.0583200465262
8,9,8,0.5,2,0.5,2.45,-16.2825880356252,5.1,-25.3945628213197,5.85,-13.1310999365524
8,9,8,0.75,2,0.5,2.45,-16.4495272914854,5.1,-27.838331665257,5.85,-12.7166408476977
8,9,8,1,2,0.5,2.4,-21.9789915734782,5.1,-18.8801618383872,5.9,-12.5162846532696
7.5,9.25,8,0.5,1.5,0.5,2.45,-12.210550319494,5.15,-11.7641582231201,5.75,-11.8250210046501
7.5,9.25,8,0.75,1.5,0.5,2.45,-14.8766997959342,5.2,-12.033856041943,5.8,-12.0255904140752
7.5,9.25,8,1,1.5,0.5,2.45,-14.0756518256306,5.2,-14.1733768576907,5.8,-11.6707849905143
7.75,9.25,8,0.5,1.5,0.5,2.45,-14.0990968804459,5.15,-17.8454960641847,5.75,-12.7107050722225
7.75,9.25,8,0.75,1.5,0.5,2.45,-16.1478636728847,5.15,-16.2385237295273,5.75,-13.1664962606824
7.75,9.25,8,1,1.5,0.5,2.4,-20.0231767319494,5.15,-14.7804434558858,5.75,-13.8606095544542
8,9.25,8,0.5,1.5,0.5,2.45,-17.3775010969341,5.15,-20.2745184834983,5.75,-14.0508261097812
8,9.25,8,0.75,1.5,0.5,2.4,-15.8575211555385,5.1,-24.4332243231324,5.75,-15.5170729952706
8,9.25,8,1,1.5,0.5,2.4,-30.713861611527,5.1,-16.2189571102511,5.75,-15.429792553441
7.5,9.25,8,0.5,1.75,0.5,2.45,-13.1311680085281,5.15,-12.9475375352883,5.8,-11.3367828098667
7.5,9.25,8,0.75,1.75,0.5,2.45,-13.0778453674367,5.15,-13.5190703204751,5.8,-11.7320738972694
7.5,9.25,8,1,1.75,0.5,2.4,-19.212856433227,5.15,-15.615339367433,5.85,-12.0661041882938
7.75,9.25,8,0.5,1.75,0.5,2.45,-14.4644407439424,5.15,-14.342511204309,5.75,-12.0691241579066
7.75,9.25,8,0.75,1.75,0.5,2.4,-15.3492262881074,5.15,-17.0579541782031,5.8,-12.2875284236357
7.75,9.25,8,1,1.75,0.5,2.4,-22.2620736844598,5.15,-16.0670282230408,5.8,-13.5647268705687
8,9.25,8,0.5,1.75,0.5,2.45,-15.1621090599604,5.1,-28.8977266695412,5.75,-12.2540556308732
8,9.25,8,0.75,1.75,0.5,2.4,-21.4558257531248,5.1,-21.694220659617,5.75,-14.9130491767829
8,9.25,8,1,1.75,0.5,2.4,-18.4743588084437,5.1,-27.0365799559934,5.8,-15.0437770297252
7.5,9.25,8,0.5,2,0.5,2.45,-12.5106346774908,5.15,-14.1077638823299,5.85,-10.8437250100463
7.5,9.25,8,0.75,2,0.5,2.4,-14.9981074198328,5.15,-15.346305077583,5.85,-11.0454540241819
7.5,9.25,8,1,2,0.5,2.4,-17.3534725608342,5.1,-14.1328965780896,5.85,-11.8625681764173
7.75,9.25,8,0.5,2,0.5,2.45,-12.3219913718882,5.1,-18.4201194622639,5.8,-12.3071077291735
7.75,9.25,8,0.75,2,0.5,2.4,-19.1368294021147,5.1,-19.0980807662464,5.8,-12.1165175217062
7.75,9.25,8,1,2,0.5,2.4,-15.6086557397697,5.1,-21.2478144844632,5.85,-11.858127389814
8,9.25,8,0.5,2,0.5,2.4,-15.7373500678523,5.1,-17.0087018812532,5.75,-13.1484692965652
8,9.25,8,0.75,2,0.5,2.4,-18.8496383345114,5.05,-23.6085212095772,5.75,-11.6825888204847
8,9.25,8,1,2,0.5,2.35,-17.8979782899807,5.1,-19.213620531997,5.8,-14.2327418293433
7.5,9.5,8,0.5,1.5,0.5,2.4,-12.6364222399522,5.2,-11.9620062135153,5.7,-12.1415595156795
7.5,9.5,8,0.75,1.5,0.5,2.4,-16.1683250905349,5.2,-13.2995501411756,5.7,-12.1159561545777
7.5,9.5,8,1,1.5,0.5,2.4,-16.429524223166,5.15,-13.3354513461866,5.65,-12.424905719394
7.75,9.5,8,0.5,1.5,0.5,2.4,-16.299653712647,5.15,-15.0093575265811,5.7,-13.3759468301058
7.75,9.5,8,0.75,1.5,0.5,2.4,-17.2393743457846,5.15,-17.030375694121,5.7,-13.9281415100105
7.75,9.5,8,1,1.5,0.5,2.35,-16.4433938457741,5.15,-20.2685689269418,5.7,-14.0686489758194
8,9.5,8,0.5,1.5,0.5,2.4,-18.0601457138388,5.1,-25.3203371654037,5.65,-14.6197476138325
8,9.5,8,0.75,1.5,0.5,2.4,-16.4181195271137,5.1,-17.0885997631233,5.65,-15.6502659272487
8,9.5,8,1,1.5,0.5,2.4,-19.3691156751084,5.0,-31.5279951592707,5.6,-18.4804274050303
7.5,9.5,8,0.5,1.75,0.5,2.4,-12.8428337779151,5.15,-11.9894344614351,5.7,-11.0824253962532
7.5,9.5,8,0.75,1.75,0.5,2.4,-14.9553638455998,5.15,-16.2465335880304,5.75,-12.3959321009046
7.5,9.5,8,1,1.75,0.5,2.35,-22.6951125605404,5.15,-16.3937348816351,5.75,-12.4918523101111
7.75,9.5,8,0.5,1.75,0.5,2.4,-14.2550629847245,5.15,-18.8947307563541,5.7,-12.761442422373
7.75,9.5,8,0.75,1.75,0.5,2.35,-17.3420818932976,5.15,-19.5308936420803,5.75,-13.0298144325259
7.75,9.5,8,1,1.75,0.5,2.35,-25.9165790936843,5.1,-20.8335897343125,5.7,-14.3364581350432
8,9.5,8,0.5,1.75,0.5,2.4,-14.0105737166976,5.1,-20.8589334429687,5.7,-14.571188718731
8,9.5,8,0.75,1.75,0.5,2.35,-20.2819567664312,5.1,-27.7214879369457,5.7,-14.3251661419768
8,9.5,8,1,1.75,0.5,2.35,-19.1300408534624,5.1,-20.8164576181809,5.7,-14.7277410039396
7.5,9.5,8,0.5,2,0.5,2.35,-11.0583594895526,5.15,-12.8118305842555,5.75,-11.0325015271124
7.5,9.5,8,0.75,2,0.5,2.35,-15.3171451405357,5.1,-15.404299531761,5.7,-11.7430670020081
7.5,9.5,8,1,2,0.5,2.35,-15.8436913492586,5.1,-15.5436385751547,5.7,-12.0623838024234
7.75,9.5,8,0.5,2,0.5,2.35,-14.3457691224241,5.15,-17.3642942663038,5.75,-12.4901287148999
7.75,9.5,8,0.75,2,0.5,2.35,-18.3251835842647,5.05,-23.1866639415955,5.65,-12.1530602532264
7.75,9.5,8,1,2,0.5,2.35,-14.9109135950294,5.05,-17.2906641367023,5.7,-13.0918334044862
8,9.5,8,0.5,2,0.5,2.35,-17.5444726356773,5.05,-18.5615714400212,5.7,-13.1042110202673
8,9.5,8,0.75,2,0.5,2.35,-18.5651953448369,5.1,-19.7556404919885,5.7,-13.4103891792254
8,9.5,8,1,2,0.5,2.3,-16.7389743558133,5.1,-31.8045261548201,5.75,-14.1144076568771
7.5,9,7.5,0.5,1.5,0.75,2.5,-11.4145582115691,5.35,-14.160401384756,,
7.5,9,7.5,0.75,1.5,0.75,2.5,-13.5122136694491,5.35,-14.7690836895206,,
7.5,9,7.5,1,1.5,0.75,2.45,-13.9495496843999,5.3,-18.7435212593379,,
7.75,9,7.5,0.5,1.5,0.75,2.5,-12.5367299979569,5.3,-17.3043241478745,,
7.75,9,7.5,0.75,1.5,0.75,2.5,-14.7599392333391,5.3,-21.0515452863285,,
7.75,9,7.5,1,1.5,0.75,2.45,-19.2381275180863,5.35,-17.7581913724411,5.95,-10.0767518448601
8,9,7.5,0.5,1.5,0.75,2.5,-14.9410621199154,5.25,-20.7177435101299,,
8,9,7.5,0.75,1.5,0.75,2.45,-16.74219328986,5.25,-29.7604779570481,5.9,-10.5551825469183
8,9,7.5,1,1.5,0.75,2.45,-23.3237897937091,5.25,-18.2067780295804,5.85,-11.4961713537974
7.5,9,7.5,0.5,1.75,0.75,2.5,-11.9196104322785,5.35,-14.3740678410737,,
7.5,9,7.5,0.75,1.75,0.75,2.5,-13.163870900646,5.3,-16.4350984615132,,
7.5,9,7.5,1,1.75,0.75,2.45,-17.982944298078,5.3,-16.8787434629234,,
7.75,9,7.5,0.5,1.75,0.75,2.5,-14.2204965299612,5.3,-20.9735652821985,,
7.75,9,7.5,0.75,1.75,0.75,2.45,-15.5922304521371,5.3,-17.9157410031304,,
7.75,9,7.5,1,1.75,0.75,2.45,-20.750066273422,5.3,-20.9790787246541,,
8,9,7.5,0.5,1.75,0.75,2.5,-14.2706343572607,5.25,-27.548535187636,,
8,9,7.5,0.75,1.75,0.75,2.45,-19.2750726616412,5.25,-40.0362886673846,5.95,-10.0742272682877
8,9,7.5,1,1.75,0.75,2.45,-19.6792818971328,5.25,-25.1221501149886,5.95,-10.507792442741
7.5,9,7.5,0.5,2,0.75,2.5,-12.2492768567853,5.25,-17.3006193345577,,
7.5,9,7.5,0.75,2,0.75,2.45,-14.3453010590396,5.3,-17.4112502924131,,
7.5,9,7.5,1,2,0.75,2.45,-17.6412571354326,5.3,-18.8284693294822,,
7.75,9,7.5,0.5,2,0.75,2.5,-12.5560405276619,5.3,-16.8414333988035,,
7.75,9,7.5,0.75,2,0.75,2.45,-18.2653175216842,5.25,-22.8770853698843,,
7.75,9,7.5,1,2,0.75,2.45,-16.0537165494834,5.25,-24.3835955201032,,
8,9,7.5,0.5,2,0.75,2.45,-15.0065941854228,5.25,-21.1804930060801,,
8,9,7.5,0.75,2,0.75,2.45,-17.8798411867377,5.2,-41.6374813761974,,
8,9,7.5,1,2,0.75,2.4,-19.1527809502401,5.25,-22.1114981055898,,
7.5,9.25,7.5,0.5,1.5,0.75,2.5,-11.7767445779945,5.35,-15.8019343612422,,
7.5,9.25,7.5,0.75,1.5,0.75,2.45,-15.3772345650504,5.3,-14.2264757955365,5.85,-10.1405323732645
7.5,9.25,7.5,1,1.5,0.75,2.45,-15.5252601604092,5.3,-15.8122765293249,,
7.75,9.25,7.5,0.5,1.5,0.75,2.45,-14.4376463389789,5.3,-16.3661380401404,5.8,-10.1826203956706
7.75,9.25,7.5,0.75,1.5,0.75,2.45,-18.4949507263291,5.3,-23.9496625086618,5.85,-10.3599842868843
7.75,9.25,7.5,1,1.5,0.75,2.4,-16.2636667525085,5.3,-21.1591052099583,5.9,-10.4478925755447
8,9.25,7.5,0.5,1.5,0.75,2.45,-15.0618542820846,5.25,-32.0279041891794,,
8,9.25,7.5,0.75,1.5,0.75,2.45,-18.8012166782275,5.25,-24.3071700858947,5.85,-10.9309650888473
8,9.25,7.5,1,1.5,0.75,2.4,-23.4463105384308,5.3,-22.7218283131264,5.9,-10.7877679873654
7.5,9.25,7.5,0.5,1.75,0.75,2.45,-12.6767936250379,5.3,-15.4508551130291,,
7.5,9.25,7.5,0.75,1.75,0.75,2.45,-14.2810385108679,5.3,-17.0375917760292,,
7.5,9.25,7.5,1,1.75,0.75,2.4,-16.2346294172994,5.3,-17.1764804855629,,
7.75,9.25,7.5,0.5,1.75,0.75,2.45,-14.1649948109818,5.25,-19.0016519858528,,
7.75,9.25,7.5,0.75,1.75,0.75,2.4,-14.9653914832271,5.25,-18.3005980752779,,
7.75,9.25,7.5,1,1.75,0.75,2.4,-22.2514959981999,5.25,-28.3721365502828,,
8,9.25,7.5,0.5,1.75,0.75,2.45,-15.7704924988359,5.2,-19.9503666156858,,
8,9.25,7.5,0.75,1.75,0.75,2.4,-18.047382152563,5.25,-22.1914364470759,,
8,9.25,7.5,1,1.75,0.75,2.4,-23.6265053343454,5.2,-27.496562128491,5.85,-11.6766005639814
7.5,9.25,7.5,0.5,2,0.75,2.45,-12.7586431811801,5.3,-16.5798618131027,,
7.5,9.25,7.5,0.75,2,0.75,2.4,-13.2863357809627,5.3,-17.4952615717606,,
7.5,9.25,7.5,1,2,0.75,2.4,-18.7144595567097,5.3,-20.3835895981667,,
7.75,9.25,7.5,0.5,2,0.75,2.45,-13.267338626196,5.25,-22.2241127593806,,
7.75,9.25,7.5,0.75,2,0.75,2.4,-16.7576477250302,5.25,-26.9042322617125,,
7.75,9.25,7.5,1,2,0.75,2.4,-19.9499511606485,5.25,-24.6525591972255,,
8,9.25,7.5,0.5,2,0.75,2.4,-13.7915241204133,5.15,-44.5162271102166,,
8,9.25,7.5,0.75,2,0.75,2.4,-23.5942956082524,5.2,-23.6027853639023,,
8,9.25,7.5,1,2,0.75,2.4,-17.0273775996981,5.25,-25.666445305488,,
7.5,9.5,7.5,0.5,1.5,0.75,2.4,-11.7787561021468,5.3,-15.711951555369,,
7.5,9.5,7.5,0.75,1.5,0.75,2.4,-16.8199078209622,5.35,-17.0954941252938,,
7.5,9.5,7.5,1,1.5,0.75,2.4,-16.5297485559813,5.35,-19.2665722203476,,
7.75,9.5,7.5,0.5,1.5,0.75,2.4,-13.9982449098069,5.3,-21.4776302200592,,
7.75,9.5,7.5,0.75,1.5,0.75,2.4,-18.618888434774,5.3,-23.1920478562888,,
7.75,9.5,7.5,1,1.5,0.75,2.35,-15.9374444157387,5.25,-22.5938823157328,,
8,9.5,7.5,0.5,1.5,0.75,2.4,-15.1391838792513,5.2,-21.3377781766988,,
8,9.5,7.5,0.75,1.5,0.75,2.4,-20.0931970040481,5.25,-26.7132928770267,,
8,9.5,7.5,1,1.5,0.75,2.35,-24.0906877220248,5.25,-23.4118642903478,,
7.5,9.5,7.5,0.5,1.75,0.75,2.4,-13.0025185091417,5.3,-17.4951216977511,,
7.5,9.5,7.5,0.75,1.75,0.75,2.4,-15.0732395526113,5.3,-16.9624636137581,,
7.5,9.5,7.5,1,1.75,0.75,2.35,-18.3654336895928,5.3,-20.0830407421055,,
7.75,9.5,7.5,0.5,1.75,0.75,2.4,-16.4792255343855,5.3,-22.7890076821128,,
7.75,9.5,7.5,0.75,1.75,0.75,2.35,-14.4405846012398,5.3,-19.6726420772404,,
7.75,9.5,7.5,1,1.75,0.75,2.35,-20.2243096942258,5.15,-16.6853788844306,5.65,-12.7337120578259
8,9.5,7.5,0.5,1.75,0.75,2.4,-16.6709950446464,5.2,-31.1306701765624,,
8,9.5,7.5,0.75,1.75,0.75,2.35,-14.7316092059044,5.2,-22.9658196919824,,
8,9.5,7.5,1,1.75,0.75,2.35,-22.7957926268348,5.25,-23.2803061163812,,
7.5,9.5,7.5,0.5,2,0.75,2.4,-13.4270674649992,5.3,-16.8488965182534,,
7.5,9.5,7.5,0.75,2,0.75,2.35,-14.1559738087474,5.25,-19.1205858275057,,
7.5,9.5,7.5,1,2,0.75,2.35,-20.9030693993955,5.25,-17.1174937481201,,
7.75,9.5,7.5,0.5,2,0.75,2.4,-12.6927370052306,5.25,-24.0784707403766,,
7.75,9.5,7.5,0.75,2,0.75,2.35,-17.1498400651548,5.2,-26.4424416106404,,
7.75,9.5,7.5,1,2,0.75,2.35,-16.9843781685739,5.2,-19.7423485199314,,
8,9.5,7.5,0.5,2,0.75,2.4,-14.0421481279157,5.2,-28.2305148445267,,
8,9.5,7.5,0.75,2,0.75,2.35,-27.5978338082879,5.2,-27.0548409320407,,
8,9.5,7.5,1,2,0.75,2.35,-15.1401057968322,5.2,-22.5637151469148,,
7.5,9,7.75,0.5,1.5,0.75,2.5,-12.0831628366015,5.25,-11.1617228075396,5.85,-10.5955058803564
7.5,9,7.75,0.75,1.5,0.75,2.5,-12.9643898514513,5.25,-11.7485065014627,5.85,-10.5656131829434
7.5,9,7.75,1,1.5,0.75,2.45,-15.491386706563,5.25,-14.2737018000926,5.9,-10.6805895864008
7.75,9,7.75,0.5,1.5,0.75,2.5,-12.6192068506462,5.15,-16.8172119428162,5.8,-11.9391608275553
7.75,9,7.75,0.75,1.5,0.75,2.5,-14.9093773375173,5.15,-13.3211774879546,5.8,-11.2264658759657
7.75,9,7.75,1,1.5,0.75,2.45,-20.0268270095816,5.25,-15.0692110311004,5.9,-11.5480056040564
8,9,7.75,0.5,1.5,0.75,2.5,-14.7009472035445,5.2,-23.7534293944367,5.8,-11.4385439624174
8,9,7.75,0.75,1.5,0.75,2.45,-18.0394342587601,5.15,-22.4502064220387,5.8,-13.0126632092418
8,9,7.75,1,1.5,0.75,2.45,-24.738204944538,5.2,-21.5878542028583,5.85,-13.5516118805273
7.5,9,7.75,0.5,1.75,0.75,2.5,-11.9165174909299,5.25,-14.2035582083583,,
7.5,9,7.75,0.75,1.75,0.75,2.45,-12.9006964472843,5.2,-14.2341018269471,5.9,-10.3094401899733
7.5,9,7.75,1,1.75,0.75,2.45,-17.006845945187,5.25,-14.279517235814,5.9,-10.1419888444428
7.75,9,7.75,0.5,1.75,0.75,2.5,-13.7187061004933,5.2,-17.3954911258308,5.85,-11.1904238249358
7.75,9,7.75,0.75,1.75,0.75,2.45,-16.4487214534558,5.2,-20.7090156723361,5.9,-11.57346971555
7.75,9,7.75,1,1.75,0.75,2.45,-20.6172441000855,5.2,-16.8892281410423,5.95,-11.3501187149532
8,9,7.75,0.5,1.75,0.75,2.5,-13.9701180460185,5.15,-16.8226362172787,5.85,-11.8998243809771
8,9,7.75,0.75,1.75,0.75,2.45,-20.1471811600774,5.15,-21.0367834863707,5.85,-12.3124662370426
8,9,7.75,1,1.75,0.75,2.45,-16.7574954401475,5.2,-19.3456596450595,5.9,-12.5945116744293
7.5,9,7.75,0.5,2,0.75,2.5,-12.3600170892822,5.2,-15.9241577238733,,
7.5,9,7.75,0.75,2,0.75,2.45,-15.0231034143616,5.6,-10.6472370110859,,
7.5,9,7.75,1,2,0.75,2.45,-15.8786477261114,5.6,-10.8434759690309,,
7.75,9,7.75,0.5,2,0.75,2.45,-12.3520776506998,5.2,-18.3542682286856,,
7.75,9,7.75,0.75,2,0.75,2.45,-18.0096872459391,5.2,-21.529205311852,5.95,-10.5798052436906
7.75,9,7.75,1,2,0.75,2.4,-16.3486320618429,5.5,-13.3943450067442,,
8,9,7.75,0.5,2,0.75,2.45,-16.4021973293153,5.15,-19.192810391923,5.85,-11.3927653951257
8,9,7.75,0.75,2,0.75,2.45,-19.1301582006212,5.15,-21.936354199962,5.9,-11.146949477647
8,9,7.75,1,2,0.75,2.4,-20.6791783402878,5.15,-20.6716200069886,5.95,-11.9094120685958
7.5,9.25,7.75,0.5,1.5,0.75,2.45,-11.4390714318949,5.25,-12.8575134007443,5.8,-10.181576807039
7.5,9.25,7.75,0.75,1.5,0.75,2.45,-15.1856537474141,5.15,-13.9467515924632,5.75,-11.8205576925013
7.5,9.25,7.75,1,1.5,0.75,2.45,-14.91056595842,5.25,-14.7376267390611,5.85,-10.8449967163764
7.75,9.25,7.75,0.5,1.5,0.75,2.45,-14.005625850542,5.25,-15.8661294662029,5.8,-12.0936408022565
7.75,9.25,7.75,0.75,1.5,0.75,2.45,-17.0310899354474,5.2,-22.9050161484552,5.8,-11.5653178126256
7.75,9.25,7.75,1,1.5,0.75,2.4,-18.1695830457121,5.2,-16.0605343639097,5.8,-11.909072346638
8,9.25,7.75,0.5,1.5,0.75,2.45,-16.7686094609769,5.15,-17.7431762270592,5.75,-12.7714716781632
8,9.25,7.75,0.75,1.5,0.75,2.45,-17.2428823340209,5.2,-26.6496283483942,5.8,-12.7694592209911
8,9.25,7.75,1,1.5,0.75,2.4,-26.4129842322542,5.15,-18.5244664786271,5.75,-14.2418677254872
7.5,9.25,7.75,0.5,1.75,0.75,2.45,-12.8008560038665,5.25,-12.668451523097,,
7.5,9.25,7.75,0.75,1.75,0.75,2.4,-12.7727695122192,5.15,-12.300458208843,5.75,-11.6331591344801
7.5,9.25,7.75,1,1.75,0.75,2.4,-16.9885844841522,5.25,-15.5188536435472,5.9,-10.4981251190951
7.75,9.25,7.75,0.5,1.75,0.75,2.45,-13.2500511923205,5.15,-17.8295651111963,5.75,-12.0606339675985
7.75,9.25,7.75,0.75,1.75,0.75,2.45,-14.2492527704883,5.2,-18.7293336420198,5.8,-11.1750572601053
7.75,9.25,7.75,1,1.75,0.75,2.4,-22.3366813796579,5.2,-24.9785294253907,5.85,-11.5087933924841
8,9.25,7.75,0.5,1.75,0.75,2.45,-15.1428127054401,5.2,-20.5926376182566,5.8,-11.1695953432776
8,9.25,7.75,0.75,1.75,0.75,2.4,-21.0840899245923,5.15,-35.0167788899397,5.8,-12.4382041730813
8,9.25,7.75,1,1.75,0.75,2.4,-23.783736780185,5.15,-19.8950806107675,5.85,-12.4030468747849
7.5,9.25,7.75,0.5,2,0.75,2.45,-12.8580990187547,5.25,-14.6273884357255,,
7.5,9.25,7.75,0.75,2,0.75,2.4,-13.9967914624338,5.2,-16.6879856088672,5.85,-10.0892814698426
7.5,9.25,7.75,1,2,0.75,2.4,-18.1838132979193,5.2,-17.0506732195582,5.9,-10.0740401204874
7.75,9.25,7.75,0.5,2,0.75,2.45,-13.1516369801091,5.2,-20.6177052051015,,
7.75,9.25,7.75,0.75,2,0.75,2.4,-18.3558982095109,5.2,-21.7326377766714,5.9,-10.7263928518035
7.75,9.25,7.75,1,2,0.75,2.4,-19.4410586731324,5.2,-21.4870294109665,5.9,-11.243648641842
8,9.25,7.75,0.5,2,0.75,2.4,-15.1338971386985,5.1,-18.7311326796563,5.8,-10.74353507
8,9.25,7.75,0.75,2,0.75,2.4,-20.4418790350007,5.1,-18.0892459707935,5.8,-11.4303917891244
8,9.25,7.75,1,2,0.75,2.35,-17.0004696634613,5.1,-21.7596547001649,5.85,-11.3654933088207
7.5,9.5,7.75,0.5,1.5,0.75,2.45,-12.1943515541576,5.25,-14.99855834306,5.75,-10.8856080399207
7.5,9.5,7.75,0.75,1.5,0.75,2.4,-15.3196050432071,5.15,-16.6284390958112,5.65,-11.5149880857172
7.5,9.5,7.75,1,1.5,0.75,2.4,-15.5041082878825,5.25,-16.4538874248624,5.75,-10.8720880047921
7.75,9.5,7.75,0.5,1.5,0.75,2.4,-15.2695157419759,5.2,-16.9082666432863,5.7,-11.4027906470688
7.75,9.5,7.75,0.75,1.5,0.75,2.4,-17.2421423436275,5.2,-22.909589933978,5.7,-12.339255465068
7.75,9.5,7.75,1,1.5,0.75,2.35,-15.7945813398593,5.25,-17.6718486746181,5.75,-12.3388666716475
8,9.5,7.75,0.5,1.5,0.75,2.4,-17.518896203655,5.15,-29.1134311977096,5.65,-12.2578177219878
8,9.5,7.75,0.75,1.5,0.75,2.4,-16.6402930046228,5.2,-18.9152616400298,5.7,-13.1163801170737
8,9.5,7.75,1,1.5,0.75,2.35,-28.1230079265643,5.2,-19.3396173725154,5.7,-13.1931150470999
7.5,9.5,7.75,0.5,1.75,0.75,2.4,-14.111260381648,5.2,-15.0677440861589,5.75,-10.9020275283547
7.5,9.5,7.75,0.75,1.75,0.75,2.4,-14.4416758190937,5.25,-14.2188442475583,5.8,-10.8432393627059
7.5,9.5,7.75,1,1.75,0.75,2.35,-18.2900894107463,5.25,-16.1104194398811,5.8,-11.0983367979706
7.75,9.5,7.75,0.5,1.75,0.75,2.4,-16.0103989224144,5.2,-18.7168214082242,5.8,-10.4436180100407
7.75,9.5,7.75,0.75,1.75,0.75,2.35,-14.5034152104619,5.15,-25.2639527473129,5.7,-10.0792236023807
7.75,9.5,7.75,1,1.75,0.75,2.35,-25.842865134773,5.2,-18.0766701749865,5.75,-12.3483568095882
8,9.5,7.75,0.5,1.75,0.75,2.4,-14.7256134681387,5.15,-32.9768202474871,5.7,-11.3718078533007
8,9.5,7.75,0.75,1.75,0.75,2.35,-18.1837390618719,5.1,-18.5037338065984,5.7,-12.8845418767413
8,9.5,7.75,1,1.75,0.75,2.35,-21.3362655990609,5.1,-18.2969554451099,5.7,-13.102062155811
7.5,9.5,7.75,0.5,2,0.75,2.4,-12.7214614445621,5.2,-14.396541639144,,
7.5,9.5,7.75,0.75,2,0.75,2.35,-14.6097455022755,5.25,-16.4241082929753,,
7.5,9.5,7.75,1,2,0.75,2.35,-20.0239067416537,5.2,-15.8978926291952,5.8,-10.6376226103907
7.75,9.5,7.75,0.5,2,0.75,2.4,-12.3619606049151,5.2,-21.6341108638635,5.8,-10.4149044897749
7.75,9.5,7.75,0.75,2,0.75,2.35,-19.1614256978289,5.1,-18.307218244004,5.75,-12.1025946734933
7.75,9.5,7.75,1,2,0.75,2.35,-16.537686373277,5.15,-23.1008179864603,5.8,-11.5004696342181
8,9.5,7.75,0.5,2,0.75,2.35,-16.6026051216432,5.15,-35.8528847826786,5.8,-10.74081396704
8,9.5,7.75,0.75,2,0.75,2.35,-20.0799769271927,5.1,-18.2244390545655,5.7,-12.7729431118891
8,9.5,7.75,1,2,0.75,2.35,-14.6535985939643,5.15,-25.9817288057656,5.8,-11.9478965689404
7.5,9,8,0.5,1.5,0.75,2.5,-10.9288295358146,5.2,-11.4998942896151,5.85,-10.8355292034357
7.5,9,8,0.75,1.5,0.75,2.5,-14.3388620157575,5.1,-11.2836675291396,5.8,-11.9506134125239
7.5,9,8,1,1.5,0.75,2.45,-16.4384425920379,5.15,-13.6295747836357,5.9,-11.5632545168922
7.75,9,8,0.5,1.5,0.75,2.5,-14.1885292575498,5.15,-15.2622770729518,5.8,-12.390898350479
7.75,9,8,0.75,1.5,0.75,2.45,-14.6878608118106,5.0,-11.6528544810138,5.75,-13.1871211450878
7.75,9,8,1,1.5,0.75,2.45,-20.3657287372407,5.1,-13.4600663978542,5.85,-13.7595068615597
8,9,8,0.5,1.5,0.75,2.5,-14.0630835587483,5.1,-19.3013559132687,5.75,-14.2373955514794
8,9,8,0.75,1.5,0.75,2.45,-17.6715906648653,5.1,-22.4363478486075,5.8,-15.2129385271218
8,9,8,1,1.5,0.75,2.45,-18.0212353326614,5.0,-16.3272194824486,5.75,-15.9333159515052
7.5,9,8,0.5,1.75,0.75,2.5,-12.2128119598043,5.15,-11.8756769906311,5.85,-10.7106620002394
7.5,9,8,0.75,1.75,0.75,2.45,-13.8040729286177,5.15,-12.5560098965778,5.9,-11.0715330876821
7.5,9,8,1,1.75,0.75,2.45,-17.1279932656763,5.15,-13.6095010738529,5.9,-11.6028923958157
7.75,9,8,0.5,1.75,0.75,2.5,-12.7945979427924,5.15,-15.7472885114875,5.85,-12.3961759708536
7.75,9,8,0.75,1.75,0.75,2.45,-16.7240498296095,5.1,-17.4024655025448,5.85,-12.8828916029969
7.75,9,8,1,1.75,0.75,2.45,-18.8167516938387,5.15,-14.7668381001176,5.9,-12.468926692862
8,9,8,0.5,1.75,0.75,2.45,-14.9193055009391,5.0,-17.0579938180577,5.75,-14.3405293432188
8,9,8,0.75,1.75,0.75,2.45,-19.7368382591248,5.05,-16.7980486767656,5.8,-14.3652980110298
8,9,8,1,1.75,0.75,2.4,-16.4754907282616,5.1,-31.20260704897,5.85,-14.8865218976868
7.5,9,8,0.5,2,0.75,2.5,-11.4701164604187,5.15,-13.2761275161711,5.9,-10.5991968079435
7.5,9,8,0.75,2,0.75,2.45,-14.728452590379,5.1,-14.4905118891576,5.9,-10.8761449828396
7.5,9,8,1,2,0.75,2.45,-15.6677393151712,5.45,-12.0288809635165,,
7.75,9,8,0.5,2,0.75,2.45,-13.3515312653357,5.05,-14.3073383485133,5.85,-12.2939700704917
7.75,9,8,0.75,2,0.75,2.45,-17.3099994882152,5.1,-19.9587186698865,5.9,-12.3858444408318
7.75,9,8,1,2,0.75,2.4,-18.0632814340309,5.1,-19.0050249795724,5.85,-11.8335867889139
8,9,8,0.5,2,0.75,2.45,-16.0358142110214,5.05,-20.3148982245698,5.8,-13.247442340065
8,9,8,0.75,2,0.75,2.45,-17.1996022513296,5.05,-24.3862612120639,5.85,-13.9313798360104
8,9,8,1,2,0.75,2.4,-20.0654005996832,5.1,-69.3394110370078,5.9,-13.7662844220923
7.5,9.25,8,0.5,1.5,0.75,2.45,-11.6525535024078,5.15,-10.856621448682,5.8,-11.8181935779606
7.5,9.25,8,0.75,1.5,0.75,2.45,-14.817588460696,5.15,-13.9022952443923,5.75,-11.8780032801479
7.5,9.25,8,1,1.5,0.75,2.45,-14.4288062627578,5.15,-13.9828787425413,5.8,-12.6224387674523
7.75,9.25,8,0.5,1.5,0.75,2.45,-13.9938981723101,5.1,-16.0189607912557,5.7,-13.3607885878537
7.75,9.25,8,0.75,1.5,0.75,2.45,-17.1065493741191,5.1,-13.3990156822084,5.75,-14.7728006219899
7.75,9.25,8,1,1.5,0.75,2.4,-19.1800133056897,5.15,-15.5121400118081,5.8,-13.8057240210179
8,9.25,8,0.5,1.5,0.75,2.45,-16.3454012965082,5.1,-22.3069224650289,5.7,-15.4050888502885
8,9.25,8,0.75,1.5,0.75,2.4,-15.7090477545809,5.1,-21.3103979491755,5.7,-15.1792530131738
8,9.25,8,1,1.5,0.75,2.4,-28.2912222495947,5.1,-25.7920815565621,5.75,-16.8973557533359
7.5,9.25,8,0.5,1.75,0.75,2.45,-13.2448148325226,5.15,-12.3968985798356,5.8,-11.5673928090756
7.5,9.25,8,0.75,1.75,0.75,2.45,-12.8238417809282,5.1,-13.8292729614011,5.8,-12.2669729720692
7.5,9.25,8,1,1.75,0.75,2.4,-18.7759718860375,5.05,-13.0114950695945,5.75,-12.4593162614774
7.75,9.25,8,0.5,1.75,0.75,2.45,-14.5547012323955,5.1,-17.1161693433578,5.75,-13.2561604177056
7.75,9.25,8,0.75,1.75,0.75,2.4,-14.1933804358475,5.1,-18.8562702880962,5.8,-12.9841587615904
7.75,9.25,8,1,1.75,0.75,2.4,-24.7842265294101,5.1,-14.8615495811533,5.8,-13.645356163521
8,9.25,8,0.5,1.75,0.75,2.45,-14.6938680698013,5.1,-21.7041002138402,5.75,-13.5412139893339
8,9.25,8,0.75,1.75,0.75,2.4,-21.3559384488363,5.1,-29.1465542090025,5.75,-14.302709527009
8,9.25,8,1,1.75,0.75,2.4,-20.0265783283562,5.1,-20.6252559844438,5.8,-14.321978039587
7.5,9.25,8,0.5,2,0.75,2.45,-12.4996489835893,5.1,-14.3079324969,5.75,-10.6734849706922
7.5,9.25,8,0.75,2,0.75,2.4,-14.9608151971071,5.15,-12.8933100658302,5.85,-11.4476488812882
7.5,9.25,8,1,2,0.75,2.4,-18.1782697306211,5.15,-15.274766652794,5.85,-11.2985956780973
7.75,9.25,8,0.5,2,0.75,2.4,-12.8092873030309,5.1,-19.0757740392473,5.8,-12.2719128167766
7.75,9.25,8,0.75,2,0.75,2.4,-16.6306148251822,5.0,-14.3435197776424,5.75,-12.9751313575806
7.75,9.25,8,1,2,0.75,2.4,-16.9212492859477,5.1,-23.1846144087548,5.85,-12.3989483743659
8,9.25,8,0.5,2,0.75,2.4,-15.654071906494,5.05,-21.9482625651927,5.75,-13.5928709029074
8,9.25,8,0.75,2,0.75,2.4,-21.0354827491774,5.1,-17.1054290116967,5.8,-14.0501820580177
8,9.25,8,1,2,0.75,2.35,-18.3276233067712,5.1,-19.9302876653078,5.8,-13.4348924259261
7.5,9.5,8,0.5,1.5,0.75,2.4,-11.9412727903358,5.1,-11.233867656457,5.65,-12.5865902786429
7.5,9.5,8,0.75,1.5,0.75,2.4,-16.3036415109873,5.15,-12.2424626660497,5.7,-12.8156235628456
7.5,9.5,8,1,1.5,0.75,2.4,-14.6016095569286,5.15,-13.845983626568,5.7,-12.3289795022861
7.75,9.5,8,0.5,1.5,0.75,2.4,-14.2064833162864,5.1,-12.6032338987984,5.6,-13.7778990331567
7.75,9.5,8,0.75,1.5,0.75,2.4,-18.4257058942857,5.1,-15.098845273345,5.65,-13.6502019027773
7.75,9.5,8,1,1.5,0.75,2.35,-16.6922492965151,5.1,-15.3606328902688,5.7,-14.2805783759461
8,9.5,8,0.5,1.5,0.75,2.4,-15.9161045532683,5.0,-24.3762767772708,5.55,-16.769370147052
8,9.5,8,0.75,1.5,0.75,2.4,-16.7200941254013,5.1,-23.6565549186473,5.65,-15.2473538306835
8,9.5,8,1,1.5,0.75,2.35,-22.4650796335006,5.1,-34.6768093557696,5.65,-15.9197135635093
7.5,9.5,8,0.5,1.75,0.75,2.4,-13.3073197013052,5.15,-13.5194962351087,5.7,-11.6398064377173
7.5,9.5,8,0.75,1.75,0.75,2.35,-13.0202018080344,5.1,-13.2014384176717,5.7,-11.9192361811388
7.5,9.5,8,1,1.75,0.75,2.35,-21.0096534794082,5.15,-14.4366363329652,5.75,-12.5405035844736
7.75,9.5,8,0.5,1.75,0.75,2.4,-15.2559554401562,5.1,-15.1647350159537,5.7,-13.6244112689408
7.75,9.5,8,0.75,1.75,0.75,2.35,-15.4819172353402,5.15,-18.6225148000225,5.7,-13.0659109991743
7.75,9.5,8,1,1.75,0.75,2.35,-22.913037845685,5.1,-20.7925723137369,5.7,-14.1426402263343
8,9.5,8,0.5,1.75,0.75,2.4,-15.3006890994818,5.1,-25.0447212926929,5.7,-13.6808035578607
8,9.5,8,0.75,1.75,0.75,2.35,-22.4741012059938,5.1,-31.3932046983575,5.7,-14.8874975491449
8,9.5,8,1,1.75,0.75,2.35,-18.1699797410249,5.1,-21.1053413180328,5.7,-14.900008079815
7.5,9.5,8,0.5,2,0.75,2.4,-13.1246305226357,5.15,-13.863298461584,5.75,-11.3380169231828
7.5,9.5,8,0.75,2,0.75,2.35,-16.5118287824563,5.15,-14.830926460599,5.75,-11.680507615659
7.5,9.5,8,1,2,0.75,2.35,-18.795223589953,5.15,-17.5308618948652,5.8,-12.2373738969841
7.75,9.5,8,0.5,2,0.75,2.4,-12.1214541549793,5.05,-15.1487579235622,5.65,-13.5681524288338
7.75,9.5,8,0.75,2,0.75,2.35,-20.4008499350047,5.1,-21.5478743922503,5.75,-13.0069442066165
7.75,9.5,8,1,2,0.75,2.35,-15.9555227393903,5.05,-24.7419282965997,5.7,-13.6630277953151
8,9.5,8,0.5,2,0.75,2.35,-16.2508055429457,5.05,-26.4618629920873,5.7,-12.877141486461
8,9.5,8,0.75,2,0.75,2.35,-22.7277194047859,5.05,-22.097453234192,5.7,-14.8025715642941
8,9.5,8,1,2,0.75,2.3,-14.6545490842486,5.1,-20.2014420416497,5.75,-15.2016228623966
